PRGS,ORCH_1_Dstop,ORCH_1_Drestart,ORCH_1_Fstop,ORCH_1_Frestart,PSCS__TAU,HUM_1_VEL,HUM_2_VEL,HUM_1_FW,HUM_1_AGE,HUM_1_STA,HUM_2_FW,HUM_2_AGE,HUM_2_STA,HUM_1_POS_X,HUM_1_POS_Y,HUM_2_POS_X,HUM_2_POS_Y,ROB_1_VEL,ROB_1_CHG
3.016054687545849,5.75841889194105,4.115184743276517,0.7285207942569601,0.38264312795619937,376.0001459299958,34.569042676460825,46.10759491033282,1.0153899376253748,1.142774666237254,-0.07173512539370185,1.8751021769686336,0.8720170093357666,0.1101035815363614,593.5467956284839,194.8334962631775,2983.0345189849104,199.92073534695277,80.3058694183826,11.409356072740563
-0.06777616556742912,6.657515757651426,1.984439260450955,0.5454879725896145,0.1986636284736348,466.02974487998347,98.26151534333081,59.4390044717092,-0.15263423716798932,-0.1561765239642737,0.7867098824812543,0.9679030835842812,-0.050149909692192296,0.9457386915342278,3922.266005053129,260.6401569972952,1380.5825446269682,415.78767381481526,77.5103111034719,11.521249090227759
1.990094636370739,5.089219871764737,3.8525638507808826,0.44281844983714913,0.42639462842353193,183.0979475700634,75.30522321592622,50.50795708780751,2.2476091757263323,1.0003891433193344,-0.023515320780829175,1.9228765824532281,0.9496564267870711,0.20030199523536105,795.9356677667587,198.43050986644622,2563.3607235112663,189.66376612474832,90.0398351235758,11.44929921168337
2.9199818553675656,5.139879081585336,4.118902725030708,0.6375957295454444,0.3665330485579501,376.03006228677884,34.68578215402559,46.42090726483561,1.1358912017920808,1.1799391966896027,-0.08168508407454352,1.8354539178004141,1.0735402093867967,0.00037902014858311097,597.3187732379226,193.11438768633928,2900.1146615361386,199.912875915355,88.5857895928278,11.582788188277686
-0.035725555829146195,6.72879680540782,2.049480734098339,0.6427071549810479,0.34789524458666066,465.9651292058602,98.41711577844953,59.42098610817073,-0.17121458098404788,-0.011437293271531555,1.177795207201939,1.0238087516897871,0.023457617070454028,1.067146787532401,3922.5720811754322,260.8172634451351,1380.778185629803,415.8096773709275,77.36483289525864,11.581821647018117
0.848724071713332,6.573834321752681,3.969300796807739,0.49250849396796814,0.5542296428536435,195.03405633104094,83.24525531996962,39.29889911130073,1.976284595696868,1.073866680408841,0.9732112080163683,2.1312878818622254,0.9660209116916965,0.12029642845621556,110.63402599632897,488.9578960735463,519.4947560536018,262.89061351179123,75.66399961616844,11.202211556423627
-0.23344124734513347,6.581434575292989,2.036930952841507,0.720999626125538,0.2036874552945077,466.1520584723112,98.22794980674499,59.2919662863057,0.0019818813979748397,0.044624011463651886,1.1197537903066006,0.9973987073263519,0.05176277804967472,1.05848302536841,3922.4186532733424,260.58849284900214,1380.68507241398,415.74265249833604,77.52641024073826,11.523841177175576
1.1100072069235096,6.2309374232666705,3.928844664791583,0.4391294106880839,0.1758820232795424,194.94051577648705,85.54905927001055,32.26723172935955,1.9246715748606071,0.7076817970904755,0.9628089804345566,2.065172245216024,1.0614680035891786,-0.05832340229497262,110.68635382084739,488.835589922404,519.3394401677256,262.98652672833066,76.62161551515635,11.234227413921474
1.9918252822095588,4.983894689184837,3.918695596843329,0.8293237183962081,0.49285717871082535,183.0330000332113,77.3151987172567,49.78748197487445,2.033350882778495,1.0441884994423798,-0.07242443465370846,1.9824913466139036,1.2694399731905677,0.0720263797240122,447.1393717493325,199.34432272813476,2067.370087055413,181.76148793071462,91.5120776528979,11.409691133594315
