,PRGS,ORCH_1_Dstop,ORCH_1_Drestart,ORCH_1_Fstop,ORCH_1_Frestart,PSCS__TAU,HUM_1_VEL,HUM_2_VEL,HUM_1_FW,HUM_1_AGE,HUM_1_STA,HUM_2_FW,HUM_2_AGE,HUM_2_STA,SCS,HUM_1_POS_X,HUM_1_POS_Y,HUM_2_POS_X,HUM_2_POS_Y,ROB_1_VEL,ROB_1_CHG
0,0,7.01,4.45,0.66,0.36,495,76.0,75.0,,1,2,,1,1,0.0,801.43,728.17,364.2,741.87,35.0,11.76602082
1,0,5.91,3.66,0.72,0.16,123,81.0,83.0,,0,0,,1,0,0.0,267.3,157.62,4377.75,457.08,79.0,11.76288775
2,0,5.94,4.09,0.55,0.34,616,95.0,73.0,,0,1,,0,2,0.0,1225.98,208.77,1403.17,341.99,44.0,11.44531527
3,0,7.29,3.03,0.75,0.36,488,64.0,74.0,,0,1,,0,1,0.0,210.64,762.82,1730.07,368.56,52.0,12.26656823
4,0,7.04,3.54,0.54,0.23,451,42.0,83.0,,1,1,,0,1,0.5,526.6,250.38,305.31,750.11,94.0,11.21870049
5,0,6.21,3.04,0.68,0.27,687,43.0,77.0,,1,2,,1,0,0.0,169.43,713.47,3733.34,215.79,94.0,11.34362422
6,4,5.94,4.09,0.55,0.34,1,95.0,73.0,,0,1,,0,2,0.0,2865.39,191.72,2906.42,194.69,44.0,11.26618748
7,0,5.48,4.39,0.61,0.26,339,89.0,54.0,,1,0,,0,0,0.5,331.56,160.89,2208.45,330.22,71.0,11.40369547
8,0,6.42,2.15,0.71,0.12,145,51.0,83.0,,0,0,,1,1,0.0,1976.28,407.9,2528.11,229.78,59.0,12.05550181
9,0,5.27,3.48,0.77,0.2,317,47.0,42.0,,1,0,,1,2,0.0,374.45,179.26,4048.1,687.35,45.0,11.25151536
10,0,5.17,4.01,0.52,0.36,484,34.0,35.0,,0,1,,0,2,0.5,2243.24,545.97,2157.96,672.09,40.0,12.12244509
11,2,7.23,4.3,0.66,0.24,335,61.0,46.0,,1,0,,0,1,0.5,104.08,278.9,1676.47,169.83,98.0,12.03736869
12,0,7.05,2.13,0.64,0.29,466,98.0,67.0,,0,1,,0,1,0.5,3922.46,260.71,1380.68,415.8,82.0,11.65040445
13,5,6.84,4.09,0.55,0.4,167,49.0,90.0,,0,0,,0,2,0.5,2607.15,190.86,2866.97,194.21,92.0,11.57133473
14,0,5.82,3.94,0.54,0.31,363,77.0,78.0,,0,0,,0,0,0.5,311.58,155.65,2436.27,221.71,99.0,12.22940599
15,0,6.94,2.46,0.64,0.2,210,45.0,83.0,,1,1,,0,1,0.0,2775.41,236.2,2190.72,647.18,76.0,11.10645457
16,0,6.936613633,2.458728956,0.6410727249,0.2013826597,629,45.97407557,83.79477872,,1,1,,0,1,0.0,2775.41,236.2,2190.72,647.18,76.95303522,11.23039996
17,0,6.25,2.45,0.64,0.17,119,91.0,31.0,,1,1,,1,1,0.0,310.72,131.25,618.66,271.69,45.0,12.15939302
18,5,7.23,4.3,0.66,0.24,167,61.0,46.0,,1,0,,0,1,0.5,5485.22,133.51,2882.08,197.64,98.0,11.98770016
19,1,6.25,4.12,0.56,0.18,310,94.0,24.0,,0,0,,0,0,0.0,363.25,161.1,2742.97,198.59,55.0,12.15362665
20,0,6.38,2.79,0.6,0.19,176,86.0,63.0,,0,1,,1,1,0.0,1889.35,340.61,631.28,692.81,75.0,11.43420428
21,0,5.41,4.19,0.62,0.26,540,38.0,79.0,,1,2,,1,2,0.0,3115.69,584.43,138.53,411.75,39.0,11.22282963
22,3,5.18,3.3,0.77,0.21,285,64.0,79.0,,1,2,,0,0,0.5,489.61,175.89,2886.28,195.34,83.0,11.88476793
23,2,7.05,2.13,0.64,0.29,311,98.0,67.0,,0,1,,0,1,0.5,587.31,193.74,2735.55,197.24,82.0,11.60338772
24,4,6.26,2.38,0.77,0.39,156,72.0,59.0,,1,2,,0,0,0.5,2197.95,183.74,2968.74,199.35,92.0,12.18505657
25,4,5.64,4.07,0.54,0.17,85,34.0,57.0,,1,2,,1,0,0.0,500.0,200.0,2870.51,201.68,83.0,12.34537326
26,0,5.32,2.64,0.61,0.36,230,56.0,99.0,,0,1,,0,0,0.0,324.43,173.64,2587.67,305.43,43.0,11.61344645
27,5,6.75,3.75,0.62,0.36,121,45.0,60.0,,0,0,,1,0,0.5,2950.52,196.89,2874.06,201.93,83.0,12.16710585
28,0,6.94,2.46,0.64,0.2,419,45.0,83.0,,1,1,,0,1,0.0,2775.41,236.2,2190.72,647.18,76.0,11.16707318
29,0,5.45,3.84,0.55,0.15,463,51.0,55.0,,0,1,,0,1,0.0,339.38,165.88,1972.2,631.59,38.0,11.18433783
30,0,7.41,3.84,0.78,0.14,345,86.0,72.0,,1,0,,0,1,0.0,268.18,133.1,3541.71,676.44,42.0,11.63694407
31,5,5.97,3.44,0.76,0.14,462,74.0,63.0,,0,1,,1,2,0.5,2594.32,190.47,2839.13,209.03,79.0,11.94019989
32,0,5.59,4.24,0.51,0.32,336,75.0,87.0,,0,2,,1,1,0.0,1972.4,260.47,1597.98,306.47,53.0,11.40078403
33,0,7.47,2.19,0.57,0.25,263,37.0,59.0,,1,0,,1,1,0.0,1767.56,164.54,3282.57,257.79,36.0,11.46769654
34,0,7.38,2.75,0.59,0.3,375,65.0,74.0,,1,0,,0,0,0.0,3681.29,733.16,755.82,276.56,41.0,11.31854472
35,0,6.258245067,2.384480131,0.7677434414,0.3862462485,471,72.45963064,59.46068142,,1,2,,0,0,0.0,1732.13,371.8,322.29,266.87,92.07693769,12.27885978
36,1,6.82,3.14,0.74,0.26,240,82.0,21.0,,0,0,,0,0,0.5,511.53,196.28,1583.38,224.11,72.0,11.54908774
37,0,6.94,2.46,0.64,0.2,210,45.0,83.0,,1,1,,0,1,0.0,2775.41,236.2,2190.72,647.18,76.0,11.10645673
38,0,5.59,4.24,0.51,0.32,224,75.0,87.0,,0,2,,1,1,0.0,339.56,166.71,1597.98,306.47,53.0,11.36650144
39,0,6.42,2.15,0.71,0.12,433,51.0,83.0,,0,0,,1,1,0.0,1976.28,407.9,2528.11,229.78,59.0,12.14154882
40,0,5.89,3.2,0.5,0.18,599,65.0,68.0,,0,0,,1,1,0.0,3059.04,338.15,2547.95,572.69,70.0,11.17753847
41,5,7.23,4.3,0.66,0.24,167,61.0,46.0,,1,0,,0,1,0.5,2925.1,231.67,2924.15,198.27,98.0,11.98768624
42,5,7.05,2.13,0.64,0.29,156,98.0,67.0,,0,1,,0,1,0.5,2804.38,195.12,2814.54,198.06,82.0,11.55781086
43,0,7.23,4.03,0.67,0.2,505,49.0,30.0,,0,0,,0,2,0.0,3009.75,615.6,947.86,795.78,85.0,11.63553134
44,3,6.13,4.27,0.73,0.26,152,86.0,67.0,,1,1,,1,2,0.5,451.52,188.38,2802.74,198.55,91.0,11.56638554
45,0,6.09,2.93,0.69,0.2,441,72.0,35.0,,1,1,,1,1,0.0,302.14,146.98,2405.18,406.77,34.0,12.13607727
46,0,7.01,4.45,0.66,0.36,165,76.0,75.0,,1,2,,1,1,0.0,801.43,728.17,364.2,741.87,35.0,11.66748416
47,4,5.83,4.26,0.51,0.33,424,61.0,49.0,,1,0,,1,1,0.5,290.24,385.87,2911.67,196.77,36.0,11.54519526
48,0,5.91,4.21,0.71,0.13,660,38.0,97.0,,0,2,,1,1,0.0,4329.73,386.37,1449.88,242.42,60.0,11.19472359
49,0,5.89,3.2,0.5,0.18,199,65.0,68.0,,0,0,,1,1,0.0,3059.04,338.15,2547.95,572.69,70.0,11.11418245
50,3,6.75,3.75,0.62,0.36,243,45.0,60.0,,0,0,,1,0,0.5,466.64,180.5,2874.06,201.93,83.0,12.20329313
51,2,6.25,4.12,0.56,0.18,155,94.0,24.0,,0,0,,0,0,0.0,363.25,161.1,1400.0,200.0,55.0,12.10806626
52,0,5.59,4.24,0.51,0.32,112,75.0,87.0,,0,2,,1,1,0.0,339.56,166.71,1597.98,306.47,53.0,11.3332773
53,0,7.01,2.83,0.62,0.11,328,37.0,52.0,,0,0,,1,1,0.0,4178.6,693.29,70.28,534.16,70.0,11.55881977
54,0,5.86,3.32,0.61,0.16,290,54.0,38.0,,0,2,,1,0,0.0,1671.4,165.13,4445.72,743.68,72.0,12.06146909
55,0,5.27,3.48,0.77,0.2,1,47.0,42.0,,1,0,,1,2,0.0,329.08,164.54,4048.1,687.35,45.0,11.15940359
56,5,6.23,3.85,0.55,0.21,171,25.0,96.0,,1,0,,1,1,0.5,2924.32,196.38,2828.56,193.77,67.0,11.87519281
57,3,5.77,3.9,0.74,0.33,353,35.0,51.0,,0,1,,1,1,0.5,611.19,195.22,2910.19,194.33,38.0,11.46636814
58,0,6.7,3.12,0.73,0.3,1,39.0,40.0,,0,0,,0,0,0.0,2016.6,417.93,1559.79,221.11,80.0,12.16288898
59,3,5.43,2.85,0.5,0.33,85,31.0,75.0,,0,0,,0,2,0.0,278.08,184.17,2877.66,195.43,46.0,11.43021602
60,0,5.41,4.19,0.62,0.26,180,38.0,79.0,,1,2,,1,2,0.0,355.76,177.88,138.53,411.75,39.0,11.11601072
61,0,6.66,3.14,0.69,0.31,404,36.0,93.0,,1,0,,1,2,0.0,3694.11,789.08,1500.49,362.55,49.0,11.30104751
62,4,6.84,4.09,0.55,0.4,333,49.0,90.0,,0,0,,0,2,0.5,500.0,200.0,2866.97,194.21,92.0,11.62043293
63,1,6.12,4.05,0.67,0.23,311,47.0,47.0,,0,1,,1,2,0.0,693.8,191.03,3411.67,750.93,51.0,11.17900699
64,0,6.25,4.12,0.56,0.18,465,94.0,41.0,,0,0,,0,0,0.0,1803.78,378.72,2999.74,645.48,55.0,12.20063445
65,0,5.943471505,4.093672556,0.5509605533,0.3385083947,617,95.18748724,73.18213043,,0,1,,0,2,0.5,1225.98,208.77,1403.17,341.99,44.61729112,11.44536108
66,0,7.23,4.03,0.67,0.2,169,49.0,30.0,,0,0,,0,2,0.0,3009.75,615.6,947.86,795.78,85.0,11.53522143
67,0,6.29,2.76,0.79,0.16,506,65.0,57.0,,1,1,,0,1,0.0,3013.23,370.06,4338.47,298.47,31.0,11.57682179
68,0,6.34,3.61,0.73,0.27,380,95.0,38.0,,0,1,,0,0,0.0,2184.49,263.17,70.15,332.47,30.0,11.47632012
69,5,7.05,2.13,0.64,0.29,156,98.0,67.0,,0,1,,0,1,0.5,2824.23,195.53,2895.54,198.91,82.0,11.55780657
70,3,6.42,2.66,0.55,0.21,115,20.0,48.0,,1,1,,1,0,0.0,400.0,200.0,2882.69,209.97,92.0,11.12850168
71,0,6.25,4.12,0.56,0.18,465,94.0,41.0,,0,0,,0,0,0.0,1803.78,378.72,2999.74,645.48,55.0,12.20063445
72,1,6.66,3.14,0.69,0.31,269,36.0,93.0,,1,0,,1,2,0.0,761.49,187.5,1500.49,362.55,49.0,11.26011115
73,0,5.41,3.39,0.67,0.11,274,32.0,30.0,,1,1,,1,0,0.0,1549.93,226.38,3014.82,769.25,60.0,11.26935267
74,0,7.23,4.3,0.66,0.24,503,61.0,46.0,,1,0,,0,1,0.5,128.43,521.68,158.09,205.08,98.0,12.08801127
75,0,6.02,3.84,0.54,0.18,545,32.0,59.0,,0,0,,1,1,0.0,1810.22,215.79,77.26,630.9,56.0,11.57265976
76,0,6.29,2.76,0.79,0.16,506,65.0,57.0,,1,1,,0,1,0.0,3013.23,370.06,4338.47,298.47,31.0,11.57682179
77,0,7.053636617,2.123266627,0.7448616758,0.328997449,559,75.80858291,35.35162647,,0,0,,1,0,0.0,3138.2,228.91,1217.09,746.95,32.39636419,12.25223439
78,0,5.65,3.24,0.71,0.27,100,86.0,80.0,,0,1,,0,0,0.0,327.0,161.77,4200.11,792.34,85.0,11.63123172
79,4,5.26,3.23,0.66,0.38,138,57.0,95.0,,1,0,,1,1,0.5,1173.0,171.24,2851.42,193.68,50.0,12.24009332
80,0,6.02,3.84,0.54,0.18,545,32.0,59.0,,0,0,,1,1,0.0,1810.22,215.79,77.26,630.9,56.0,11.57265976
81,0,6.67,2.9,0.73,0.14,404,54.0,43.0,,1,2,,0,1,0.0,179.28,621.78,2626.14,228.42,39.0,11.09931291
82,0,7.124630416,3.590414331,0.5298584072,0.1106305172,432,38.4260476,79.24174091,,0,2,,0,1,0.0,3754.34,789.02,176.55,363.53,76.30666854,11.15692158
83,0,6.38,3.71,0.51,0.3,309,99.0,36.0,,1,0,,0,0,0.0,4347.14,534.45,352.97,220.62,72.0,12.0021403
84,5,5.17,4.01,0.52,0.36,162,34.0,21.0,,0,1,,0,2,0.5,2957.69,197.54,2909.61,200.41,40.0,12.02626005
85,2,5.41,3.39,0.67,0.11,92,32.0,30.0,,1,1,,1,0,0.0,830.12,209.87,2474.14,199.64,60.0,11.21449771
86,3,5.77,3.9,0.74,0.33,353,35.0,51.0,,0,1,,1,1,0.5,716.1,190.96,2910.19,194.33,38.0,11.46637082
87,0,7.12,3.68,0.6,0.23,385,37.0,85.0,,0,0,,0,2,0.0,2974.93,410.44,3634.84,277.1,61.0,12.30329733
88,0,6.39,3.21,0.61,0.27,121,90.0,78.0,,1,2,,0,0,0.0,245.91,122.83,4004.57,246.63,75.0,11.67336019
89,1,5.9,3.15,0.65,0.23,270,96.0,18.0,,0,1,,1,2,0.0,615.86,192.81,1142.11,759.64,95.0,12.32227142
90,0,6.42,3.7,0.53,0.38,583,83.0,32.0,,1,1,,1,0,0.0,110.69,488.87,519.32,262.95,83.0,11.10892004
91,0,7.01,4.45,0.66,0.36,495,76.0,75.0,,1,2,,1,1,0.0,801.43,728.17,364.2,741.87,35.0,11.76602082
92,0,7.01,2.83,0.62,0.11,219,37.0,52.0,,0,0,,1,1,0.0,2840.64,167.73,70.28,534.16,70.0,11.52576789
93,5,5.97,3.44,0.76,0.14,231,74.0,63.0,,0,1,,1,2,0.5,2594.32,190.47,2839.13,209.03,79.0,11.8732674
94,0,6.377196161,3.712622781,0.5134356351,0.3030923165,310,99.80297858,36.07313565,,1,0,,0,0,0.0,4347.14,534.45,352.97,220.62,72.11091909,12.00216168
95,0,6.09,2.93,0.69,0.2,661,72.0,35.0,,1,1,,1,1,0.0,3648.55,292.68,2405.18,406.77,34.0,12.2023861
96,0,6.42,3.7,0.53,0.38,583,83.0,32.0,,1,1,,1,0,0.0,110.69,488.87,519.32,262.95,83.0,11.10892004
97,0,6.813970164,2.959390182,0.6023728521,0.2216156357,593,35.04858069,73.10501779,,1,0,,0,0,0.0,2823.94,340.35,190.55,268.99,36.35893548,12.04762074
98,0,7.05,2.12,0.74,0.33,558,75.0,35.0,,0,0,,1,0,0.0,3138.2,228.91,1217.09,746.95,32.0,12.25219469
99,1,6.13,4.27,0.73,0.26,305,86.0,67.0,,1,1,,1,2,0.0,106.39,414.63,1398.98,761.93,91.0,11.61138789
