PRGS,ORCH_1_Dstop,ORCH_1_Drestart,ORCH_1_Fstop,ORCH_1_Frestart,PSCS__TAU,HUM_1_VEL,HUM_2_VEL,HUM_1_FW,HUM_1_AGE,HUM_1_STA,HUM_2_FW,HUM_2_AGE,HUM_2_STA,HUM_1_POS_X,HUM_1_POS_Y,HUM_2_POS_X,HUM_2_POS_Y,ROB_1_VEL,ROB_1_CHG,SCS
0.0,5.029150933308462,2.054480272556158,0.7888594251773718,0.3805062956750246,242.0,53.102074768922336,33.25091199488959,1.0,1.0,2.0,1.0,0.0,0.0,246.95,120.77,4004.57,246.63,84.5204051862766,11.70956329,0.6255780011666664
4.0,5.070412957569498,2.895931384890804,0.6752297661156927,0.3788435018397517,138.0,75.72641435289653,36.64584586436623,2.0,1.0,0.0,0.0,1.0,1.0,1173.0,171.24,2851.42,193.68,74.4859358875132,12.24009332,0.1620715320000003
3.0,5.051581951578117,2.021569388803965,0.7788765541961026,0.3667044572690642,96.0,58.75504715008395,32.056063342701904,1.0,0.0,2.0,2.0,1.0,0.0,380.29,159.16,2864.51,194.29,33.0302851437259,11.4124975,0.17177007050000018
0.0,5.877349602635139,3.9929709076092887,0.5296649598275223,0.3833253930410296,1.0,59.435627745706725,67.50723516089718,0.0,0.0,0.0,0.0,0.0,2.0,3009.75,615.6,947.86,795.78,91.116397219673,11.48764236,0.39864132599999985
0.0,5.049119802754799,3.897415426251143,0.7523101898358869,0.3714322734023133,181.0,30.7698166637615,50.83307766994286,1.0,0.0,0.0,2.0,0.0,0.0,311.52,155.76,2436.27,221.71,56.448290851203296,12.17624068,0.21932573878571418
0.0,5.050338659307087,3.694651843641432,0.5333995151828725,0.3883014024577547,403.0,33.634744625464386,58.56349801221342,2.0,0.0,0.0,0.0,0.0,0.0,2016.6,417.93,1559.79,221.11,83.74629996561511,12.28209271,0.24445063058333336
0.0,5.024387492300766,4.034717722794294,0.531367570752453,0.395010424807793,395.0,63.50642158237124,76.61325771802201,0.0,1.0,0.0,2.0,1.0,1.0,3537.6,727.65,3282.57,257.79,82.42041097011584,11.5080543,0.10318361800000003
0.0,7.372603424760012,3.335236824774008,0.5103483457845518,0.3930805327077107,143.0,49.86285478237466,87.96973062523966,0.0,0.0,2.0,1.0,0.0,1.0,2247.97,177.36,176.55,363.53,71.45884519198277,11.11046584,0.2104708615714285
0.0,5.0292742063618485,4.00568699649084,0.755776387950086,0.3805361705176019,103.0,45.38948786006508,41.61327947841143,1.0,1.0,0.0,0.0,0.0,0.0,264.1,117.87,352.97,220.62,61.37483473086632,11.94005349,0.22569835899999988
0.0,5.231351032837112,2.163336533251288,0.5232903957255932,0.3827940807994324,186.0,48.29698184058517,39.57590760712334,2.0,0.0,0.0,2.0,1.0,0.0,3138.2,228.91,1217.09,746.95,78.1862625875848,12.14183008,0.19481898891666674
0.0,5.007204107850308,3.954029321657517,0.5379603841247004,0.3801770245134678,263.0,58.45568116650937,68.79775196335572,0.0,1.0,0.0,2.0,1.0,1.0,1767.56,164.54,3282.57,257.79,90.20980270788895,11.46769654,0.5556472984999996
4.0,6.840738444499314,3.789919565886296,0.7107983409237504,0.3920579043815834,313.0,55.7680386152768,30.229750509849104,0.0,1.0,2.0,2.0,0.0,0.0,1464.06,168.08,2909.87,195.39,30.77007052449208,12.23122198,0.16472374175000012
0.0,5.028260889039173,3.994649698334465,0.5725151726326743,0.3811325725419377,169.0,54.74045995395607,32.54391317713988,0.0,0.0,0.0,2.0,0.0,2.0,148.0,743.6,1777.71,414.59,91.30310149561562,11.45511668,0.37854974666666663
0.0,6.601566613033406,2.140073767579709,0.5538764425978546,0.2823565317015332,588.0,44.78842911550971,39.8882468435107,0.0,0.0,1.0,0.0,0.0,2.0,3689.38,746.45,1523.76,782.97,74.76793569540031,11.21015176,0.19474648849999998
5.0,6.450432654375665,2.393147501876772,0.6769264454400333,0.2545895768109311,214.0,37.14094073644232,59.59911628819358,2.0,1.0,1.0,0.0,1.0,0.0,2787.17,195.69,2861.44,198.2,77.07538969053181,11.80996573,0.11356402150000017
1.0,5.011860009227597,3.981420848339632,0.5394373591032363,0.3746407356879155,183.0,90.99007182973752,52.99342654784713,2.0,1.0,1.0,0.0,1.0,0.0,817.12,209.57,2641.97,178.4,75.72996673913703,11.24178579,0.12328877750000006
0.0,5.013109774844721,4.026174118759904,0.5296241091799805,0.3997504721889882,337.0,57.085395882558586,43.4481968068592,0.0,0.0,0.0,0.0,0.0,2.0,3009.75,615.6,947.86,795.78,82.5236174709626,11.5848947,0.15030036083333348
4.0,5.872023346668024,3.997034612559452,0.5301459459964684,0.3933012033824021,1.0,71.77141043191914,76.41807893183945,2.0,1.0,1.0,2.0,1.0,0.0,2498.07,187.41,2882.69,209.97,37.44304755343519,11.09506722,0.07666002799999996
0.0,5.012074935701954,4.1994976236154375,0.7342206064297131,0.2410092475703922,269.0,97.536779603067,67.07742324193227,1.0,1.0,0.0,2.0,1.0,2.0,985.35,180.15,1500.49,362.55,82.49851807819351,11.26010404,0.10727003600000001
0.0,5.046051348805343,2.604414758658912,0.786559779955798,0.3729307345677322,232.0,57.762845974530855,32.522613637860154,1.0,0.0,2.0,2.0,1.0,2.0,314.92,157.46,2292.61,482.03,33.419906117205244,11.31400705,0.16616875400000017
0.0,5.072217853476625,3.923957749828112,0.7640844966412152,0.3712537508577765,109.0,37.54269984616353,49.767360459791945,0.0,0.0,0.0,0.0,1.0,2.0,362.71,182.8,1495.42,387.52,89.60096803229885,12.07268788,0.4068031436666665
0.0,5.059342559875047,2.0836862159954106,0.5491236605583276,0.3899570726540211,419.0,58.36581265296044,38.094642513987154,1.0,0.0,2.0,0.0,0.0,1.0,897.86,674.11,1003.85,774.62,38.19039534121431,11.48857856,0.19611639449999999
0.0,5.0028174122756885,3.94470964200816,0.7224763340573925,0.3646377327081075,246.0,39.06960594177126,52.797090149897,2.0,0.0,0.0,1.0,1.0,0.0,267.3,157.62,4377.75,457.08,97.69670958811126,11.79967569,0.5695830551666663
0.0,7.372613934916629,3.374170650556388,0.7478193062502968,0.2676152851515072,547.0,50.14689209651057,44.10132572499241,0.0,1.0,0.0,2.0,0.0,2.0,102.2,276.88,100.8,207.37,83.72600921602547,11.78919332,0.3175580378333332
2.0,5.096069099655918,3.8774851799555794,0.7920430931380043,0.3777702546499187,193.0,83.3981127139664,98.87994171614916,1.0,0.0,2.0,2.0,1.0,0.0,289.42,161.29,2864.51,194.29,80.39307546312648,11.44156637,0.21295118200000007
0.0,5.025746824989737,3.782652910713953,0.6289770952377643,0.3865236441033513,1.0,35.099037706220926,36.982722911647485,0.0,1.0,0.0,1.0,0.0,0.0,2823.94,340.35,190.55,268.99,78.69896145839127,11.87538803,0.1767591436666668
3.0,5.170264876938733,3.901925795970624,0.7331011932235256,0.3425720381729282,376.0,34.67119494638961,46.44303134479344,1.0,1.0,0.0,2.0,1.0,0.0,597.38,193.24,2900.07,199.85,88.57394751848656,11.64391232,0.6253109204999996
0.0,5.025371657001639,3.787644833923076,0.7202672340775095,0.3802579289200644,193.0,57.15868646873312,52.33838611656467,1.0,1.0,0.0,2.0,1.0,1.0,973.5,181.13,4434.23,442.63,75.03589654348009,11.77975685,0.11730168766666688
0.0,5.185987639585542,3.675723640826735,0.6027546350868944,0.3478126420679647,593.0,33.800544083934184,43.27701377107384,0.0,1.0,0.0,1.0,0.0,0.0,2823.94,340.35,190.55,268.99,78.19936693390233,12.04762074,0.19380115066666664
0.0,5.027317750984232,4.029053395223871,0.5557728836967335,0.3832823780484103,254.0,50.40479662943473,31.90713057757792,0.0,0.0,0.0,2.0,0.0,2.0,211.87,723.35,1777.71,414.59,90.26464260967396,11.48087689,0.3811564913333331
3.0,5.002820520250401,3.935922388513534,0.770179429274306,0.3669404267413463,96.0,77.8465669211756,30.18635502535001,1.0,0.0,2.0,2.0,1.0,0.0,382.82,157.96,2864.51,194.29,31.37417052755976,11.41248001,0.17177007050000018
2.0,5.10610545791565,4.003597508267446,0.7851500719803695,0.1224338908663002,92.0,81.84926129359431,31.233407870852247,2.0,1.0,1.0,0.0,1.0,0.0,836.12,210.0,2504.14,199.66,91.76262879793768,11.21450668,0.5684021906666663
0.0,5.096729129395375,3.49261438108609,0.5212769666652739,0.3577145081157281,415.0,39.468142111216906,45.62964920904365,1.0,1.0,0.0,0.0,1.0,0.0,3123.19,226.18,3147.96,466.79,67.85151037124878,11.99581296,0.2465407219999998
0.0,5.022378465687585,2.422763295892848,0.5378699440468658,0.3810702125940077,414.0,33.38016981513341,44.859582827817874,1.0,1.0,0.0,0.0,1.0,0.0,3123.19,226.18,3147.96,466.79,56.84205530966753,11.99578242,0.25943959999999977
0.0,5.013385492026295,2.410699336486841,0.7846718279212225,0.3890685466421958,232.0,57.62134001956768,33.21390231209632,1.0,0.0,2.0,2.0,1.0,2.0,314.92,157.46,2292.61,482.03,33.34777126339773,11.31399812,0.16616875400000017
0.0,5.054376867204823,3.992316952927048,0.5081737484541644,0.3749530277826784,500.0,33.52496420520194,30.24728108004776,1.0,0.0,0.0,0.0,0.0,2.0,2395.67,515.35,2973.66,264.56,83.66211594243649,11.67048699,0.23627299916666647
0.0,6.66497161549066,2.136032348440958,0.740067744423307,0.3689707777827292,502.0,45.15777506606131,83.98832042665433,2.0,1.0,1.0,0.0,0.0,2.0,3400.55,234.86,1633.8,357.55,72.62928453927857,12.35844417,0.3250799131785715
4.0,5.03927010185941,3.932674938699292,0.6594672517750637,0.3766550763719663,138.0,77.22147671437104,91.4599217892954,2.0,1.0,0.0,0.0,1.0,1.0,1161.81,171.92,2851.42,193.68,75.37937743195472,12.2400855,0.17303487950000013
5.0,6.594093856309183,3.678594082337783,0.7017344833519321,0.2781576223635563,212.0,38.09624960568392,67.76869582214971,2.0,1.0,0.0,0.0,1.0,1.0,3005.24,281.77,2931.67,196.75,87.28187190496057,11.48400739,0.6092314854999996
5.0,5.966301771672253,3.018473506591441,0.7263742251447766,0.3019423712984758,92.0,74.21685684716613,59.762193860704805,2.0,1.0,0.0,2.0,1.0,0.0,2903.45,195.18,2881.35,197.22,63.42703519749424,11.49924606,0.10518785900000006
0.0,6.371628435462641,3.80296565879338,0.6756998607258963,0.3099275080062794,511.0,34.220829511696465,36.69263696949406,2.0,1.0,1.0,0.0,0.0,0.0,3035.95,476.62,3222.69,767.67,70.3475875681508,11.94577046,0.1858130398333333
4.0,5.112786888106394,2.080089038336927,0.6566590607236706,0.3682740334551575,1.0,99.5958828349348,89.7850462083231,0.0,1.0,1.0,1.0,0.0,2.0,4561.95,81.82,2896.08,198.18,74.5942279366853,11.47055917,0.13402943400000022
0.0,6.453970105505668,3.5155953765276617,0.7243975975190861,0.3825914841426854,289.0,34.81219708839003,59.13417016198274,0.0,0.0,0.0,2.0,1.0,1.0,1976.28,407.9,2528.11,229.78,80.39210350391795,12.09755888,0.09638141541666671
0.0,6.499012895976291,2.367632774947793,0.6880590777758215,0.2808462032061342,629.0,30.989488482608536,57.79269582438146,2.0,1.0,1.0,0.0,0.0,1.0,2775.41,236.2,2190.72,647.18,78.16006939068988,11.23039996,0.15243710300000016
0.0,5.042823926217508,3.922759879910018,0.5730007253198349,0.3975383091492133,440.0,57.99034103336331,94.6532739700222,0.0,0.0,2.0,1.0,1.0,1.0,2739.9,163.62,1449.88,242.42,35.7886768283753,11.12842655,0.31265869399999974
5.0,5.301241585877311,3.649324064085139,0.7508507079044101,0.2810914245212248,1.0,68.40066613925198,54.44728853293018,0.0,0.0,1.0,2.0,0.0,2.0,2957.69,197.54,2895.71,200.36,69.5406519330828,11.98035004,0.15183130950000026
0.0,5.17249130544803,3.995636162287387,0.5286867969654115,0.3739882270700067,169.0,53.610217467804986,30.08438162906424,0.0,0.0,0.0,0.0,0.0,2.0,3009.75,615.6,947.86,795.78,84.06327441535353,11.53520415,0.2601519104999998
0.0,5.028260889039173,3.994649698334465,0.5725151726326743,0.3811325725419377,169.0,54.74045995395607,32.54391317713988,0.0,0.0,0.0,2.0,0.0,2.0,148.0,743.6,1777.71,414.59,91.30310149561562,11.45510884,0.37854974666666663
0.0,5.231351032837112,2.163336533251288,0.5232903957255932,0.3827940807994324,186.0,48.29698184058517,39.57590760712334,2.0,0.0,0.0,2.0,1.0,0.0,3138.2,228.91,1217.09,746.95,78.1862625875848,12.14182164,0.19481898891666674
4.0,5.105495289737558,3.8956069844944015,0.7465251272699874,0.3724444105026704,1.0,81.07179430264453,88.95631396635797,2.0,1.0,1.0,0.0,1.0,0.0,1320.76,191.06,2954.14,199.97,44.56844929415039,11.18747801,0.11326630800000002
0.0,5.002015335431762,3.5305380634610297,0.5200650630152394,0.2286179474983909,558.0,39.82708570166636,95.50532870421266,2.0,0.0,0.0,2.0,1.0,0.0,3138.2,228.91,1217.09,746.95,77.75898661696152,12.25219469,0.33232826974999985
0.0,6.435293322406793,2.532949308162619,0.7391862623315801,0.3042349247267841,506.0,57.64895203586253,67.36299678862439,1.0,1.0,1.0,1.0,0.0,1.0,3013.23,370.06,4338.47,298.47,78.60801104094216,11.57682179,0.14189725716666687
0.0,6.0411816512692615,2.3668068455285667,0.6975475704006991,0.3423848094817909,433.0,47.55251394620285,59.29955497442868,0.0,0.0,0.0,2.0,1.0,1.0,1976.28,407.9,2528.11,229.78,79.98398707368156,12.14154882,0.1419506054166668
2.0,5.031214886700436,4.003759458161593,0.6700086090002907,0.3893771905118827,363.0,64.07232004346481,52.45388108707589,1.0,1.0,0.0,1.0,1.0,1.0,366.29,176.1,2543.23,202.06,86.84261444708075,11.4214838,0.5325750244999996
0.0,7.291103471006511,3.3543757142526074,0.6418214429877533,0.1371847035917441,287.0,55.9766231919913,42.94585932882495,0.0,0.0,2.0,1.0,0.0,1.0,2247.97,177.36,176.55,363.53,81.86538313414854,11.11290272,0.2627368309880951
0.0,5.024013322238264,2.6374116489296857,0.7884830696372092,0.3789379130397331,1.0,57.33903876538248,31.812401415453213,0.0,0.0,1.0,1.0,0.0,0.0,377.77,164.14,4200.11,792.34,43.77135085867015,11.60188574,0.20038872933333338
0.0,7.397087131251274,2.095140319907084,0.7974696652421761,0.3870071864833321,224.0,59.33132453392042,38.347494251832295,0.0,0.0,2.0,0.0,1.0,1.0,339.56,166.71,1597.98,306.47,97.86264429023636,11.36650144,0.5442808793333337
5.0,5.834631316670523,2.04585786124272,0.6650936978145694,0.2296431734804825,196.0,71.16647338033039,54.16753955821415,0.0,0.0,1.0,0.0,0.0,2.0,2956.35,197.28,2907.69,205.25,90.94196390809525,11.09386374,0.6329640259999997
0.0,6.955970409896527,2.1751548001163528,0.7249714931069045,0.2990851012432284,603.0,64.26083903680659,61.35173887148361,1.0,0.0,1.0,1.0,1.0,0.0,104.91,208.84,2206.47,300.61,74.26319038761852,11.25777779,0.2997435721666665
0.0,5.17249130544803,3.995636162287387,0.5286867969654115,0.3739882270700067,169.0,53.610217467804986,30.08438162906424,0.0,0.0,0.0,0.0,0.0,2.0,3009.75,615.6,947.86,795.78,84.06327441535353,11.53522143,0.2601519104999998
3.0,5.041158686324418,3.8708956122876113,0.7487002717464315,0.3641234893633742,98.0,76.04389736353133,58.74966134471818,2.0,0.0,0.0,2.0,1.0,2.0,465.57,182.0,2932.81,195.54,84.19724999389348,12.31120974,0.2820107414999997
4.0,5.284342030708469,2.7784760409377114,0.748875586832212,0.386092639300289,120.0,85.154049596686,38.65327239290568,2.0,0.0,0.0,2.0,0.0,0.0,1100.1,173.71,2913.44,200.43,52.63417841067993,11.51347183,0.16047581200000025
1.0,6.377886681308048,3.863804259704101,0.5315027584306405,0.3909410550093021,195.0,92.29825225957444,58.01701831140412,2.0,1.0,1.0,2.0,1.0,0.0,110.69,488.87,519.32,262.95,76.97551166333953,11.19922654,0.09716185299999998
0.0,5.022536170421815,3.510935035824832,0.5766404812305492,0.3701185096797393,180.0,50.659015856858886,43.54917601198969,1.0,1.0,2.0,2.0,1.0,2.0,358.94,176.6,138.53,411.75,85.14072962842239,11.1160083,0.40733141833333325
0.0,5.036228891390477,3.905263169988725,0.5911365321407542,0.3711956192902592,229.0,58.40913892856,93.49823689644774,2.0,1.0,1.0,2.0,1.0,0.0,2654.51,164.83,1400.13,767.97,64.35959456806046,11.16231468,0.18204823722222238
0.0,5.036228891390477,3.905263169988725,0.5911365321407542,0.3711956192902592,229.0,58.40913892856,93.49823689644774,2.0,1.0,1.0,2.0,1.0,0.0,2654.51,164.83,1400.13,767.97,64.35959456806046,11.16231655,0.18204823722222238
0.0,5.287576592349254,3.893668595826564,0.6010225070219783,0.3765608298793829,363.0,30.11741100749923,45.82916440373334,1.0,0.0,0.0,2.0,0.0,0.0,311.58,155.65,2436.27,221.71,73.39928612157767,12.22940599,0.35785737295238057
0.0,5.025746824989737,3.782652910713953,0.6289770952377643,0.3865236441033513,1.0,35.099037706220926,36.982722911647485,0.0,1.0,0.0,1.0,0.0,0.0,2823.94,340.35,190.55,268.99,78.69896145839127,11.87538553,0.1767591436666668
1.0,5.178164215909988,2.112506497934922,0.7853313863503673,0.1326426634628156,279.0,56.94484826677761,32.41912856483484,1.0,0.0,2.0,0.0,0.0,1.0,352.49,184.13,1003.85,774.62,39.23508487211412,11.44581376,0.15911997083333354
0.0,5.000818877760056,4.00600636547519,0.5103076788869233,0.3904336051624177,506.0,57.18972094492268,31.73029786992407,0.0,0.0,0.0,0.0,0.0,2.0,3009.75,615.6,947.86,795.78,82.32194896615955,11.63556798,0.20793825633333338
0.0,6.524964523707583,3.117644620497553,0.6775958179592382,0.2993720102089923,466.0,33.959981554686614,58.98391914736978,1.0,0.0,1.0,1.0,1.0,2.0,2679.6,262.09,3458.65,749.55,80.88986313530464,11.22602074,0.13877673700000018
5.0,6.191330491925801,3.0530942869317585,0.6143309221293293,0.3493352411820559,146.0,36.851844529302745,52.92241455568065,0.0,1.0,1.0,0.0,0.0,1.0,2764.11,194.83,2872.19,201.04,67.8391180628643,11.96878263,0.08735657050000002
5.0,5.869670656104268,2.879796540112294,0.6985562979223432,0.2310984478394986,1.0,77.2442756684003,47.84428658442779,2.0,1.0,0.0,2.0,0.0,0.0,2672.0,192.59,2857.59,200.51,90.59447761340026,11.50954493,0.6615379539999998
0.0,5.108116849230064,2.035064370677201,0.7358602067171138,0.3044497367343111,489.0,99.20377559357254,32.794871249833804,2.0,0.0,1.0,1.0,0.0,1.0,210.64,762.82,1730.07,368.56,71.15522562436287,12.26660182,0.3406516966190473
5.0,5.062557244784009,2.562449235338457,0.5829218005812787,0.3177040459406117,170.0,36.9521532407032,56.03391224928838,0.0,1.0,1.0,2.0,1.0,0.0,2770.91,190.56,2876.2,198.24,76.62448354770518,12.19912448,0.18337047250000013
0.0,5.49294625901536,4.45761975474784,0.6326454217812991,0.3897116461215506,328.0,51.13134502789029,37.76044632692179,2.0,0.0,0.0,0.0,1.0,1.0,4178.6,693.29,70.28,534.16,82.39568423654099,11.55881977,0.07594422666666659
0.0,7.326969221118913,3.928762417719489,0.5771991605219826,0.3894492577169916,165.0,56.02384497996205,32.35555298785362,2.0,1.0,2.0,2.0,1.0,1.0,801.43,728.17,364.2,741.87,36.24365429950083,11.66750297,0.21670674857142846
5.0,6.008373515656704,3.0575747553433783,0.7088067405956378,0.2348876696146074,183.0,70.00839338013698,45.70824376109031,0.0,1.0,0.0,2.0,0.0,2.0,2692.3,177.57,2868.0,193.51,90.38125922135276,11.68120354,0.6590760879999996
0.0,5.069740237330289,2.006779881597094,0.7745585777259657,0.3514764830812734,468.0,31.880773194033047,30.0060447331938,1.0,0.0,2.0,1.0,1.0,0.0,3077.84,434.87,3537.83,710.51,70.08849892874973,12.17365942,0.28368530741666653
1.0,5.678394297188176,2.2606797373029446,0.6696260895691571,0.3867735796456165,145.0,55.06536268777952,30.055277471542468,1.0,0.0,2.0,1.0,1.0,0.0,574.86,194.62,4331.73,745.12,30.73653354932695,12.01882806,0.13804607316666678
0.0,5.049119802754799,3.897415426251143,0.7523101898358869,0.3714322734023133,181.0,30.7698166637615,50.83307766994286,1.0,0.0,0.0,2.0,0.0,0.0,311.52,155.76,2436.27,221.71,56.448290851203296,12.17626041,0.21932573878571418
0.0,6.322723077780707,3.060725259000332,0.7842380352758144,0.3831736170719725,221.0,97.68193034542516,45.11875126531287,1.0,1.0,1.0,1.0,1.0,1.0,300.46,150.23,2405.18,406.77,91.14993118253896,12.0726099,0.5380676354999998
0.0,7.319647199839714,4.398723300077559,0.6620919941788852,0.3909847498107971,241.0,55.85450512853993,75.56854709684399,2.0,0.0,2.0,2.0,1.0,0.0,2250.17,407.14,2381.88,335.87,71.1785525323253,12.26700875,0.31174201316666644
0.0,6.213135499366194,4.130162432954973,0.5237638348035623,0.2044352132181174,334.0,47.28562428134165,37.12039330191596,2.0,1.0,0.0,2.0,0.0,0.0,1451.39,625.46,1632.24,272.26,84.24391953902015,11.60867361,0.22078998999999994
4.0,5.1653043254115945,2.860260478895888,0.7081972935932719,0.3629071477133407,424.0,57.23352906523762,41.55057635055374,2.0,1.0,0.0,0.0,1.0,1.0,351.19,383.53,2931.67,196.75,56.490610847902616,11.54519821,0.33809025766666634
1.0,5.165986446530502,2.0313437835318884,0.7933975460793615,0.3799168241849244,279.0,60.30273999585681,30.25990075907752,1.0,0.0,2.0,0.0,0.0,1.0,188.14,181.53,1003.85,774.62,54.548621669757146,11.44581712,0.18862405683333347
3.0,5.851250400075078,3.713151097324712,0.79580983547109,0.2989341619384177,402.0,49.530984818886736,65.93760720905841,1.0,0.0,1.0,1.0,1.0,0.0,394.36,169.53,2869.81,195.09,78.21756589094224,11.19688161,0.18147048866666665
2.0,5.74649192795713,3.991585073444496,0.6752426753030674,0.3720535713821347,335.0,77.82160470306275,43.34222329083464,0.0,1.0,0.0,1.0,0.0,1.0,110.16,339.59,2014.25,180.3,85.73556312236182,12.03738652,0.5282871966666668
5.0,5.930218912719024,2.3560552720216763,0.7167820343568501,0.2791221829094056,167.0,48.60127878291727,60.774103264714256,0.0,1.0,0.0,1.0,0.0,1.0,5485.22,133.51,2882.08,197.64,79.50078009168755,11.98770016,0.10013493100000012
1.0,6.60264835683282,2.331179013360544,0.79945403453028,0.3891497312221377,290.0,46.79881284442507,35.9355135924017,1.0,0.0,2.0,1.0,1.0,0.0,821.47,185.73,4445.72,743.68,68.35950095014063,12.06148302,0.17343409200000004
5.0,5.970553979840532,3.047781657904324,0.6928415871529398,0.2631725550601698,428.0,56.73555129803384,78.35809659361466,2.0,1.0,1.0,0.0,1.0,0.0,2787.17,195.69,2861.44,198.2,78.82988932618588,11.87174274,0.14368350908333347
